medium_id,posted_by_username
1,aadenuga
2,spencerlongg
3,farabakare
4,raja
5,noahv24
6,maddyroe
7,jenny123
8,welcomeovo
9,tyler_sp
10,aadenuga
11,isaiahbowes
12,punx2_l
13,tyler_sp
14,raja
15,farabakare
16,jenny123
17,varun.baldwa
18,isaiahbowes
19,tyler_sp
20,aadenuga
21,farabakare
22,itsconel
23,ambnoelle
24,caitlyn_karis
25,tyler_sp
26,ambnoelle
27,farabakare
28,aadenuga
29,punx2_l
30,tyler_sp
31,itsconel
32,farabakare
33,k.lovato
34,itsconel
35,lisaa.og
36,itsconel
37,farabakare
38,isaiahbowes
39,farabakare
40,lisaa.og
41,bbybellz
42,gucci
43,gucci
44,gucci
45,gucci
46,gucci
47,nayaahbenet
48,gucci
49,nayaahbenet
50,bbybellz